{
  "k2": {
    "model_name": "Gradient Boosting",
    "accuracy": 0.9700374531835206,
    "precision": 0.9696941624126283,
    "recall": 0.9700374531835206,
    "f1_score": 0.9694904788005335,
    "roc_auc": 0.9931580058503385,
    "cv_mean": 0.9566010140405616,
    "cv_std": 0.00425757900447137
  },
  "kepler": {
    "model_name": "LightGBM",
    "accuracy": 0.8609513852587559,
    "precision": 0.8573992154581983,
    "recall": 0.8609513852587559,
    "f1_score": 0.8588183828148644,
    "roc_auc": 0.9677622852435298,
    "cv_mean": 0.8489085266155232,
    "cv_std": 0.003868691480089373
  }
}